_links,id,paging_token,account,type,type_i,created_at,asset,balance_id,amount,asset_type,asset_code,asset_issuer,former_sponsor,seller,offer_id,sold_amount,sold_asset_type,bought_amount,bought_asset_type,bought_asset_code,bought_asset_issuer,sold_asset_code,sold_asset_issuer
"{'operation': {'href': 'https://horizon.stellar.org/operations/202621786632773633'}, 'succeeds': {'href': 'https://horizon.stellar.org/effects?order=desc&cursor=202621786632773633-1'}, 'precedes': {'href': 'https://horizon.stellar.org/effects?order=asc&cursor=202621786632773633-1'}}",0202621786632773633-0000000001,202621786632773633-1,GDTSXDQKSU6XLH4XYJIWQVUXZUTKQLQ7UAVMHVDMDLN64DAFWAJDWXLM,claimable_balance_claimed,52,2023-07-13T05:36:03Z,StellarNFT:GCGLG7XHLS7DOJEV5JNSXCYX7Q6HV3ZMPIM57T2WPRT4ZAGZ5T7W6SJ3,000000005d17463dfe43b9247b1513c7ef4cd0f623f46a92a9985b50fe0bb30dda703534,0.0000945,,,,,,,,,,,,,,
"{'operation': {'href': 'https://horizon.stellar.org/operations/202621786632773633'}, 'succeeds': {'href': 'https://horizon.stellar.org/effects?order=desc&cursor=202621786632773633-2'}, 'precedes': {'href': 'https://horizon.stellar.org/effects?order=asc&cursor=202621786632773633-2'}}",0202621786632773633-0000000002,202621786632773633-2,GDTSXDQKSU6XLH4XYJIWQVUXZUTKQLQ7UAVMHVDMDLN64DAFWAJDWXLM,account_credited,2,2023-07-13T05:36:03Z,,,0.0000945,credit_alphanum12,StellarNFT,GCGLG7XHLS7DOJEV5JNSXCYX7Q6HV3ZMPIM57T2WPRT4ZAGZ5T7W6SJ3,,,,,,,,,,,
"{'operation': {'href': 'https://horizon.stellar.org/operations/202621786632773633'}, 'succeeds': {'href': 'https://horizon.stellar.org/effects?order=desc&cursor=202621786632773633-3'}, 'precedes': {'href': 'https://horizon.stellar.org/effects?order=asc&cursor=202621786632773633-3'}}",0202621786632773633-0000000003,202621786632773633-3,GDTSXDQKSU6XLH4XYJIWQVUXZUTKQLQ7UAVMHVDMDLN64DAFWAJDWXLM,claimable_balance_sponsorship_removed,71,2023-07-13T05:36:03Z,,000000005d17463dfe43b9247b1513c7ef4cd0f623f46a92a9985b50fe0bb30dda703534,,,,,GDTSXDQKSU6XLH4XYJIWQVUXZUTKQLQ7UAVMHVDMDLN64DAFWAJDWXLM,,,,,,,,,,
"{'operation': {'href': 'https://horizon.stellar.org/operations/202621786632798209'}, 'succeeds': {'href': 'https://horizon.stellar.org/effects?order=desc&cursor=202621786632798209-1'}, 'precedes': {'href': 'https://horizon.stellar.org/effects?order=asc&cursor=202621786632798209-1'}}",0202621786632798209-0000000001,202621786632798209-1,GBBS2QAGGW4WNTFY4ZHLUYDERWEIK5UH4AXP6E6OFNXRLW3RAUJVI3U6,trade,33,2023-07-13T05:36:03Z,,,,,,,,GAAS434N3DFEKTSLO7DUJG2JTQ6ME5CCNNVZUNKPHCIWBZY67HILVGBN,1131337406,0.0000001,native,0.0000196,credit_alphanum12,TESLAMEDBED,GCDRY33WIGBUJCQ3WGKUSBCNMPH7DU67FCRGS5JU3GXJ4U6G6SAFWQIA,,
"{'operation': {'href': 'https://horizon.stellar.org/operations/202621786632798209'}, 'succeeds': {'href': 'https://horizon.stellar.org/effects?order=desc&cursor=202621786632798209-2'}, 'precedes': {'href': 'https://horizon.stellar.org/effects?order=asc&cursor=202621786632798209-2'}}",0202621786632798209-0000000002,202621786632798209-2,GAAS434N3DFEKTSLO7DUJG2JTQ6ME5CCNNVZUNKPHCIWBZY67HILVGBN,trade,33,2023-07-13T05:36:03Z,,,,,,,,GBBS2QAGGW4WNTFY4ZHLUYDERWEIK5UH4AXP6E6OFNXRLW3RAUJVI3U6,1131337406,0.0000196,credit_alphanum12,0.0000001,native,,,TESLAMEDBED,GCDRY33WIGBUJCQ3WGKUSBCNMPH7DU67FCRGS5JU3GXJ4U6G6SAFWQIA
"{'operation': {'href': 'https://horizon.stellar.org/operations/202621786632798210'}, 'succeeds': {'href': 'https://horizon.stellar.org/effects?order=desc&cursor=202621786632798210-1'}, 'precedes': {'href': 'https://horizon.stellar.org/effects?order=asc&cursor=202621786632798210-1'}}",0202621786632798210-0000000001,202621786632798210-1,GBBS2QAGGW4WNTFY4ZHLUYDERWEIK5UH4AXP6E6OFNXRLW3RAUJVI3U6,trade,33,2023-07-13T05:36:03Z,,,,,,,,GAAS434N3DFEKTSLO7DUJG2JTQ6ME5CCNNVZUNKPHCIWBZY67HILVGBN,1131337554,0.0000001,native,0.0000158,credit_alphanum12,MEDBED,GARM6W2NORCSS3PTGVKGCW4PN2R55RJUG2ECCKI3GDOICWE5SVRDGUFQ,,
"{'operation': {'href': 'https://horizon.stellar.org/operations/202621786632798210'}, 'succeeds': {'href': 'https://horizon.stellar.org/effects?order=desc&cursor=202621786632798210-2'}, 'precedes': {'href': 'https://horizon.stellar.org/effects?order=asc&cursor=202621786632798210-2'}}",0202621786632798210-0000000002,202621786632798210-2,GAAS434N3DFEKTSLO7DUJG2JTQ6ME5CCNNVZUNKPHCIWBZY67HILVGBN,trade,33,2023-07-13T05:36:03Z,,,,,,,,GBBS2QAGGW4WNTFY4ZHLUYDERWEIK5UH4AXP6E6OFNXRLW3RAUJVI3U6,1131337554,0.0000158,credit_alphanum12,0.0000001,native,,,MEDBED,GARM6W2NORCSS3PTGVKGCW4PN2R55RJUG2ECCKI3GDOICWE5SVRDGUFQ
"{'operation': {'href': 'https://horizon.stellar.org/operations/202621786632798211'}, 'succeeds': {'href': 'https://horizon.stellar.org/effects?order=desc&cursor=202621786632798211-1'}, 'precedes': {'href': 'https://horizon.stellar.org/effects?order=asc&cursor=202621786632798211-1'}}",0202621786632798211-0000000001,202621786632798211-1,GBBS2QAGGW4WNTFY4ZHLUYDERWEIK5UH4AXP6E6OFNXRLW3RAUJVI3U6,trade,33,2023-07-13T05:36:03Z,,,,,,,,GAAS434N3DFEKTSLO7DUJG2JTQ6ME5CCNNVZUNKPHCIWBZY67HILVGBN,1131337893,0.0000001,native,0.0000115,credit_alphanum12,TESLA,GDBBVFXW3ZEYVHCRPCAMCTTVMBEQC4QV6KNZWGYQHOZLK2KNSA66C4XB,,
"{'operation': {'href': 'https://horizon.stellar.org/operations/202621786632798211'}, 'succeeds': {'href': 'https://horizon.stellar.org/effects?order=desc&cursor=202621786632798211-2'}, 'precedes': {'href': 'https://horizon.stellar.org/effects?order=asc&cursor=202621786632798211-2'}}",0202621786632798211-0000000002,202621786632798211-2,GAAS434N3DFEKTSLO7DUJG2JTQ6ME5CCNNVZUNKPHCIWBZY67HILVGBN,trade,33,2023-07-13T05:36:03Z,,,,,,,,GBBS2QAGGW4WNTFY4ZHLUYDERWEIK5UH4AXP6E6OFNXRLW3RAUJVI3U6,1131337893,0.0000115,credit_alphanum12,0.0000001,native,,,TESLA,GDBBVFXW3ZEYVHCRPCAMCTTVMBEQC4QV6KNZWGYQHOZLK2KNSA66C4XB
"{'operation': {'href': 'https://horizon.stellar.org/operations/202621786632798212'}, 'succeeds': {'href': 'https://horizon.stellar.org/effects?order=desc&cursor=202621786632798212-1'}, 'precedes': {'href': 'https://horizon.stellar.org/effects?order=asc&cursor=202621786632798212-1'}}",0202621786632798212-0000000001,202621786632798212-1,GBBS2QAGGW4WNTFY4ZHLUYDERWEIK5UH4AXP6E6OFNXRLW3RAUJVI3U6,trade,33,2023-07-13T05:36:03Z,,,,,,,,GAAS434N3DFEKTSLO7DUJG2JTQ6ME5CCNNVZUNKPHCIWBZY67HILVGBN,1131338341,0.0000001,native,0.0000222,credit_alphanum12,CYBERTRUCK,GD3HLOV3TBNSUFN3MZE6YCQRJMYPFQKSVL7KG5VQ5SJ4CXZCY7ADEQK4,,
